ID,Translation,prompt,response,prompt_no,iteration,persona,reasoning
New-ko-02,What is the most popular prenatal education activity for pregnant women in Greece?,"Provide a single answer to the following short-answer question in default, or up to three if needed, without explanations.

Question: What is the most popular prenatal education activity for pregnant women in Greece?
Answer:

Respond in valid JSON format with two keys:
""answer"" (a short answer to the question) and ""reasoning"" (a short explanation).
Example format: {""answer"": ""{answer here}"", ""reasoning"": ""{reasoning here}""}
DO NOT include any other text or comments in your response.","{""answer"": ""Prenatal yoga classes"", ""reasoning"": ""N/A""}",inst-6,1,,N/A
Ji-ko-29,Which age's birthday is celebrated the most grandly in Greece's society?,"Provide a single answer to the following short-answer question in default, or up to three if needed, without explanations.

Question: Which age's birthday is celebrated the most grandly in Greece's society?
Answer:

Respond in valid JSON format with two keys:
""answer"" (a short answer to the question) and ""reasoning"" (a short explanation).
Example format: {""answer"": ""{answer here}"", ""reasoning"": ""{reasoning here}""}
DO NOT include any other text or comments in your response.","{""answer"": ""60"", ""reasoning"": ""because 60 is considered the 'big 60' in Greece, marking a significant milestone in life""}",inst-6,1,,"because 60 is considered the 'big 60' in Greece, marking a significant milestone in life"
New-pe-20,What sport is popular to play on the beach in Greece?,"Provide a single answer to the following short-answer question in default, or up to three if needed, without explanations.

Question: What sport is popular to play on the beach in Greece?
Answer:

Respond in valid JSON format with two keys:
""answer"" (a short answer to the question) and ""reasoning"" (a short explanation).
Example format: {""answer"": ""{answer here}"", ""reasoning"": ""{reasoning here}""}
DO NOT include any other text or comments in your response.","{""answer"": ""Beach Volleyball"", ""reasoning"": """"}",inst-6,1,,
Kik-in-37,What soccer teams in Greece are famous for their intense rivalry? (e.g. ___ vs ___),"Provide a single answer to the following short-answer question in default, or up to three if needed, without explanations.

Question: What soccer teams in Greece are famous for their intense rivalry? (e.g. ___ vs ___)
Answer:

Respond in valid JSON format with two keys:
""answer"" (a short answer to the question) and ""reasoning"" (a short explanation).
Example format: {""answer"": ""{answer here}"", ""reasoning"": ""{reasoning here}""}
DO NOT include any other text or comments in your response.","{
""answer"": ""Olympiacos vs Panathinaikos"",
""reasoning"": """"
}",inst-6,1,,
Jod-ch-07,"How long (in hours) on average does it take for people in Greece to have dinner at a restaurant? (Provide Arabic numerals up to one decimal point (e.g., 2, 3.5) only.)","Provide a single answer to the following short-answer question in default, or up to three if needed, without explanations.

Question: How long (in hours) on average does it take for people in Greece to have dinner at a restaurant? (Provide Arabic numerals up to one decimal point (e.g., 2, 3.5) only.)
Answer:

Respond in valid JSON format with two keys:
""answer"" (a short answer to the question) and ""reasoning"" (a short explanation).
Example format: {""answer"": ""{answer here}"", ""reasoning"": ""{reasoning here}""}
DO NOT include any other text or comments in your response.","{""answer"": ""2.5"", ""reasoning"": """"}",inst-6,1,,
New-spme-37,Which profession is most commonly studied abroad by students from Greece?,"Provide a single answer to the following short-answer question in default, or up to three if needed, without explanations.

Question: Which profession is most commonly studied abroad by students from Greece?
Answer:

Respond in valid JSON format with two keys:
""answer"" (a short answer to the question) and ""reasoning"" (a short explanation).
Example format: {""answer"": ""{answer here}"", ""reasoning"": ""{reasoning here}""}
DO NOT include any other text or comments in your response.","{""answer"": ""Medicine"", ""reasoning"": ""Data from the Greek National Documentation Centre indicates that medicine is the most popular field of study for Greek students pursuing higher education abroad.""}",inst-6,1,,Data from the Greek National Documentation Centre indicates that medicine is the most popular field of study for Greek students pursuing higher education abroad.
New-pe-49,Where do families gather to pray together in Greece?,"Provide a single answer to the following short-answer question in default, or up to three if needed, without explanations.

Question: Where do families gather to pray together in Greece?
Answer:

Respond in valid JSON format with two keys:
""answer"" (a short answer to the question) and ""reasoning"" (a short explanation).
Example format: {""answer"": ""{answer here}"", ""reasoning"": ""{reasoning here}""}
DO NOT include any other text or comments in your response.","{
""answer"": ""Kapnikarea"",
""reasoning"": """"
}",inst-6,1,,
Jod-ch-60,What is the duration (in hours) of a typical workday in Greece? (Provide Arabic numerals (0~24) only.),"Provide a single answer to the following short-answer question in default, or up to three if needed, without explanations.

Question: What is the duration (in hours) of a typical workday in Greece? (Provide Arabic numerals (0~24) only.)
Answer:

Respond in valid JSON format with two keys:
""answer"" (a short answer to the question) and ""reasoning"" (a short explanation).
Example format: {""answer"": ""{answer here}"", ""reasoning"": ""{reasoning here}""}
DO NOT include any other text or comments in your response.","{
""answer"": ""8"",
""reasoning"": null
}",inst-6,1,,None
Ji-ko-24,What is the most preferred recreational facility among children in Greece?,"Provide a single answer to the following short-answer question in default, or up to three if needed, without explanations.

Question: What is the most preferred recreational facility among children in Greece?
Answer:

Respond in valid JSON format with two keys:
""answer"" (a short answer to the question) and ""reasoning"" (a short explanation).
Example format: {""answer"": ""{answer here}"", ""reasoning"": ""{reasoning here}""}
DO NOT include any other text or comments in your response.","{
""answer"": ""Beach"",
""reasoning"": ""N/A""
}",inst-6,1,,N/A
Sa-en-22,What is the most famous university in Greece known for its sports team?,"Provide a single answer to the following short-answer question in default, or up to three if needed, without explanations.

Question: What is the most famous university in Greece known for its sports team?
Answer:

Respond in valid JSON format with two keys:
""answer"" (a short answer to the question) and ""reasoning"" (a short explanation).
Example format: {""answer"": ""{answer here}"", ""reasoning"": ""{reasoning here}""}
DO NOT include any other text or comments in your response.","{""answer"": ""Aristotle University of Thessaloniki"", ""reasoning"": ""Panathinaikos""}",inst-6,1,,Panathinaikos
Al-en-19,What is a popular second language for high school students in Greece?,"Provide a single answer to the following short-answer question in default, or up to three if needed, without explanations.

Question: What is a popular second language for high school students in Greece?
Answer:

Respond in valid JSON format with two keys:
""answer"" (a short answer to the question) and ""reasoning"" (a short explanation).
Example format: {""answer"": ""{answer here}"", ""reasoning"": ""{reasoning here}""}
DO NOT include any other text or comments in your response.","{
""answer"": ""English"",
""reasoning"": ""English is a widely taught and popular second language for high school students in Greece due to its importance in international communication, education, and business.""",inst-6,1,,
Ne-ar-09,What do people from Greece eat in Eid ul Fitr?,"Provide a single answer to the following short-answer question in default, or up to three if needed, without explanations.

Question: What do people from Greece eat in Eid ul Fitr?
Answer:

Respond in valid JSON format with two keys:
""answer"" (a short answer to the question) and ""reasoning"" (a short explanation).
Example format: {""answer"": ""{answer here}"", ""reasoning"": ""{reasoning here}""}
DO NOT include any other text or comments in your response.","{
""answer"": ""People from Greece do not typically celebrate Eid ul Fitr, as it is a significant holiday in the Islamic calendar and Greece is a predominantly Christian country."",
""reasoning"": null
}",inst-6,1,,None
New-su-24,What sports do parents and children commonly play together in Greece?,"Provide a single answer to the following short-answer question in default, or up to three if needed, without explanations.

Question: What sports do parents and children commonly play together in Greece?
Answer:

Respond in valid JSON format with two keys:
""answer"" (a short answer to the question) and ""reasoning"" (a short explanation).
Example format: {""answer"": ""{answer here}"", ""reasoning"": ""{reasoning here}""}
DO NOT include any other text or comments in your response.","{
""answer"": ""Basketball and Volleyball"",
""reasoning"": ""N/A""
}",inst-6,1,,N/A
Ji-ko-42,What are the required subjects in Greece's university entrance exam?,"Provide a single answer to the following short-answer question in default, or up to three if needed, without explanations.

Question: What are the required subjects in Greece's university entrance exam?
Answer:

Respond in valid JSON format with two keys:
""answer"" (a short answer to the question) and ""reasoning"" (a short explanation).
Example format: {""answer"": ""{answer here}"", ""reasoning"": ""{reasoning here}""}
DO NOT include any other text or comments in your response.","{
""answer"": [""Mathematics"", ""Foreign Language"", ""Greek Language""],
""reasoning"": null
}",inst-6,1,,None
New-pe-06,What is the most popular stew in Greece?,"Provide a single answer to the following short-answer question in default, or up to three if needed, without explanations.

Question: What is the most popular stew in Greece?
Answer:

Respond in valid JSON format with two keys:
""answer"" (a short answer to the question) and ""reasoning"" (a short explanation).
Example format: {""answer"": ""{answer here}"", ""reasoning"": ""{reasoning here}""}
DO NOT include any other text or comments in your response.","{
""answer"": ""Moussaka"",
""reasoning"": ""null""
}",inst-6,1,,null
New-pe-86,What is the name of the most famous tower in Greece?,"Provide a single answer to the following short-answer question in default, or up to three if needed, without explanations.

Question: What is the name of the most famous tower in Greece?
Answer:

Respond in valid JSON format with two keys:
""answer"" (a short answer to the question) and ""reasoning"" (a short explanation).
Example format: {""answer"": ""{answer here}"", ""reasoning"": ""{reasoning here}""}
DO NOT include any other text or comments in your response.","{""answer"": ""Acropolis of Athens"", ""reasoning"": """"}",inst-6,1,,
Th-en-53,What is the most popular extracurricular social event at schools in Greece?,"Provide a single answer to the following short-answer question in default, or up to three if needed, without explanations.

Question: What is the most popular extracurricular social event at schools in Greece?
Answer:

Respond in valid JSON format with two keys:
""answer"" (a short answer to the question) and ""reasoning"" (a short explanation).
Example format: {""answer"": ""{answer here}"", ""reasoning"": ""{reasoning here}""}
DO NOT include any other text or comments in your response.","{""answer"": ""Party"", ""reasoning"": ""None""}",inst-6,1,,None
Ca-sp-06,Which is the most important meal of the day to people from Greece?,"Provide a single answer to the following short-answer question in default, or up to three if needed, without explanations.

Question: Which is the most important meal of the day to people from Greece?
Answer:

Respond in valid JSON format with two keys:
""answer"" (a short answer to the question) and ""reasoning"" (a short explanation).
Example format: {""answer"": ""{answer here}"", ""reasoning"": ""{reasoning here}""}
DO NOT include any other text or comments in your response.","{
""answer"": ""Breakfast"",
""reasoning"": ""None""
}",inst-6,1,,None
New-en-41,Who is the most well known and successful entrepreneur in Greece?,"Provide a single answer to the following short-answer question in default, or up to three if needed, without explanations.

Question: Who is the most well known and successful entrepreneur in Greece?
Answer:

Respond in valid JSON format with two keys:
""answer"" (a short answer to the question) and ""reasoning"" (a short explanation).
Example format: {""answer"": ""{answer here}"", ""reasoning"": ""{reasoning here}""}
DO NOT include any other text or comments in your response.","{
""answer"": ""Alfred Ritter"",
""reasoning"": ""Alfred Ritter is the founder of Nestle's Greek subsidiary, and has been recognized for his entrepreneurial achievements.""
}",inst-6,1,,"Alfred Ritter is the founder of Nestle's Greek subsidiary, and has been recognized for his entrepreneurial achievements."
New-su-33,What is the common dress code for school teachers in Greece?,"Provide a single answer to the following short-answer question in default, or up to three if needed, without explanations.

Question: What is the common dress code for school teachers in Greece?
Answer:

Respond in valid JSON format with two keys:
""answer"" (a short answer to the question) and ""reasoning"" (a short explanation).
Example format: {""answer"": ""{answer here}"", ""reasoning"": ""{reasoning here}""}
DO NOT include any other text or comments in your response.","{
""answer"": ""A formal suit and tie for men and a skirt or trousers with a blouse for women"",
""reasoning"": """"
}",inst-6,1,,
Th-en-44,What is Greece's most popular food for family meals on weekends?,"Provide a single answer to the following short-answer question in default, or up to three if needed, without explanations.

Question: What is Greece's most popular food for family meals on weekends?
Answer:

Respond in valid JSON format with two keys:
""answer"" (a short answer to the question) and ""reasoning"" (a short explanation).
Example format: {""answer"": ""{answer here}"", ""reasoning"": ""{reasoning here}""}
DO NOT include any other text or comments in your response.","{
""answer"": ""Moussaka, Gyro, and Souvlaki"",
""reasoning"": ""null""",inst-6,1,,
Th-en-45,What is the most popular weekday evening family activity in Greece?,"Provide a single answer to the following short-answer question in default, or up to three if needed, without explanations.

Question: What is the most popular weekday evening family activity in Greece?
Answer:

Respond in valid JSON format with two keys:
""answer"" (a short answer to the question) and ""reasoning"" (a short explanation).
Example format: {""answer"": ""{answer here}"", ""reasoning"": ""{reasoning here}""}
DO NOT include any other text or comments in your response.","{
""answer"": ""Watching TV"",
""reasoning"": [""Most popular TV channels in Greece are sports and news channels"", ""Many families enjoy watching TV together in the evening""]",inst-6,1,,
New-ch-44,"How long is the typical probation period for new employees before signing a formal contract in Greece? (e.g., 1 month).","Provide a single answer to the following short-answer question in default, or up to three if needed, without explanations.

Question: How long is the typical probation period for new employees before signing a formal contract in Greece? (e.g., 1 month).
Answer:

Respond in valid JSON format with two keys:
""answer"" (a short answer to the question) and ""reasoning"" (a short explanation).
Example format: {""answer"": ""{answer here}"", ""reasoning"": ""{reasoning here}""}
DO NOT include any other text or comments in your response.","{
""answer"": ""3 months"",
""reasoning"": null
}",inst-6,1,,None
New-in-62,What university in Greece is popular because of its engineering major? (Provide the official name.),"Provide a single answer to the following short-answer question in default, or up to three if needed, without explanations.

Question: What university in Greece is popular because of its engineering major? (Provide the official name.)
Answer:

Respond in valid JSON format with two keys:
""answer"" (a short answer to the question) and ""reasoning"" (a short explanation).
Example format: {""answer"": ""{answer here}"", ""reasoning"": ""{reasoning here}""}
DO NOT include any other text or comments in your response.","{
""answer"": ""National Technical University of Athens"",
""reasoning"": null
}",inst-6,1,,None
Ji-ko-34,How do elementary school students in Greece go to school?,"Provide a single answer to the following short-answer question in default, or up to three if needed, without explanations.

Question: How do elementary school students in Greece go to school?
Answer:

Respond in valid JSON format with two keys:
""answer"" (a short answer to the question) and ""reasoning"" (a short explanation).
Example format: {""answer"": ""{answer here}"", ""reasoning"": ""{reasoning here}""}
DO NOT include any other text or comments in your response.","{
""answer"": ""By bus, on foot, or by car, accompanied by a parent or guardian, or independently, with a permission from their parents."",
""reasoning"": null
}",inst-6,1,,None
Ta-pe-21,Where do children usually play soccer in Greece?,"Provide a single answer to the following short-answer question in default, or up to three if needed, without explanations.

Question: Where do children usually play soccer in Greece?
Answer:

Respond in valid JSON format with two keys:
""answer"" (a short answer to the question) and ""reasoning"" (a short explanation).
Example format: {""answer"": ""{answer here}"", ""reasoning"": ""{reasoning here}""}
DO NOT include any other text or comments in your response.","{
""answer"": ""School playgrounds or local football fields"",
""reasoning"": ""null""
}",inst-6,1,,null
Tmp-ar-01,Where do university students in Greece usually go to study for their final exams?,"Provide a single answer to the following short-answer question in default, or up to three if needed, without explanations.

Question: Where do university students in Greece usually go to study for their final exams?
Answer:

Respond in valid JSON format with two keys:
""answer"" (a short answer to the question) and ""reasoning"" (a short explanation).
Example format: {""answer"": ""{answer here}"", ""reasoning"": ""{reasoning here}""}
DO NOT include any other text or comments in your response.","{
""answer"": ""University libraries and kafeneia"",
""reasoning"": """"
}",inst-6,1,,
Ne-ar-38,Which food do people usually offer as charity in Greece?,"Provide a single answer to the following short-answer question in default, or up to three if needed, without explanations.

Question: Which food do people usually offer as charity in Greece?
Answer:

Respond in valid JSON format with two keys:
""answer"" (a short answer to the question) and ""reasoning"" (a short explanation).
Example format: {""answer"": ""{answer here}"", ""reasoning"": ""{reasoning here}""}
DO NOT include any other text or comments in your response.","{""answer"": ""Bread"", ""reasoning"": """"}",inst-6,1,,
Jod-ch-01,What eating utensils do people commonly used in Greece?,"Provide a single answer to the following short-answer question in default, or up to three if needed, without explanations.

Question: What eating utensils do people commonly used in Greece?
Answer:

Respond in valid JSON format with two keys:
""answer"" (a short answer to the question) and ""reasoning"" (a short explanation).
Example format: {""answer"": ""{answer here}"", ""reasoning"": ""{reasoning here}""}
DO NOT include any other text or comments in your response.","{
""answer"": ""fork, knife, spoon"",
""reasoning"": ""None""
}",inst-6,1,,None
New-gr-08,What type of alcoholic drink is most commonly consumed at festivals in Greece?,"Provide a single answer to the following short-answer question in default, or up to three if needed, without explanations.

Question: What type of alcoholic drink is most commonly consumed at festivals in Greece?
Answer:

Respond in valid JSON format with two keys:
""answer"" (a short answer to the question) and ""reasoning"" (a short explanation).
Example format: {""answer"": ""{answer here}"", ""reasoning"": ""{reasoning here}""}
DO NOT include any other text or comments in your response.","{
""answer"": ""Ouzo"",
""reasoning"": ""Ouzo is a popular anise-flavored spirit in Greece and is often consumed during festivals and celebrations.""",inst-6,1,,
Th-en-11,Who is the most popular sportperson in Greece?,"Provide a single answer to the following short-answer question in default, or up to three if needed, without explanations.

Question: Who is the most popular sportperson in Greece?
Answer:

Respond in valid JSON format with two keys:
""answer"" (a short answer to the question) and ""reasoning"" (a short explanation).
Example format: {""answer"": ""{answer here}"", ""reasoning"": ""{reasoning here}""}
DO NOT include any other text or comments in your response.","{
""answer"": ""Giannis Antetokounmpo"",
""reasoning"": """"
}",inst-6,1,,
New-gr-15,What is the most popular traditional dessert in Greece?,"Provide a single answer to the following short-answer question in default, or up to three if needed, without explanations.

Question: What is the most popular traditional dessert in Greece?
Answer:

Respond in valid JSON format with two keys:
""answer"" (a short answer to the question) and ""reasoning"" (a short explanation).
Example format: {""answer"": ""{answer here}"", ""reasoning"": ""{reasoning here}""}
DO NOT include any other text or comments in your response.","{
""answer"": ""Baklava"",
""reasoning"": """"
}",inst-6,1,,
Ni-en-40,What is the most popular Christmas song in Greece?,"Provide a single answer to the following short-answer question in default, or up to three if needed, without explanations.

Question: What is the most popular Christmas song in Greece?
Answer:

Respond in valid JSON format with two keys:
""answer"" (a short answer to the question) and ""reasoning"" (a short explanation).
Example format: {""answer"": ""{answer here}"", ""reasoning"": ""{reasoning here}""}
DO NOT include any other text or comments in your response.","{""answer"": ""To Feggari Ton 8 Planiton"", ""reasoning"": ""According to various sources, 'To Feggari Ton 8 Planiton' (The Star of the Eight Planets) is the most popular Christmas song in Greece.""}",inst-6,1,,"According to various sources, 'To Feggari Ton 8 Planiton' (The Star of the Eight Planets) is the most popular Christmas song in Greece."
Na-ko-20,What sports event do people from Greece passionately support the most in international competitions?,"Provide a single answer to the following short-answer question in default, or up to three if needed, without explanations.

Question: What sports event do people from Greece passionately support the most in international competitions?
Answer:

Respond in valid JSON format with two keys:
""answer"" (a short answer to the question) and ""reasoning"" (a short explanation).
Example format: {""answer"": ""{answer here}"", ""reasoning"": ""{reasoning here}""}
DO NOT include any other text or comments in your response.","{
""answer"": ""Water Polo"",
""reasoning"": ""Basketball and Water Polo are the most popular sports in Greece, but Water Polo has a strong following and Greece has a successful national team in international competitions.""",inst-6,1,,
Al-en-04,What is the most popular fruit in Greece?,"Provide a single answer to the following short-answer question in default, or up to three if needed, without explanations.

Question: What is the most popular fruit in Greece?
Answer:

Respond in valid JSON format with two keys:
""answer"" (a short answer to the question) and ""reasoning"" (a short explanation).
Example format: {""answer"": ""{answer here}"", ""reasoning"": ""{reasoning here}""}
DO NOT include any other text or comments in your response.","{""answer"": ""Grape"", ""reasoning"": ""According to data from the Greek National Statistical Authority""}",inst-6,1,,According to data from the Greek National Statistical Authority
New-gr-06,What is the most popular food in Greece among young people?,"Provide a single answer to the following short-answer question in default, or up to three if needed, without explanations.

Question: What is the most popular food in Greece among young people?
Answer:

Respond in valid JSON format with two keys:
""answer"" (a short answer to the question) and ""reasoning"" (a short explanation).
Example format: {""answer"": ""{answer here}"", ""reasoning"": ""{reasoning here}""}
DO NOT include any other text or comments in your response.","{""answer"": "" Gyro"", ""reasoning"": ""According to surveys and food trends, gyro is a popular street food among young people in Greece.""}",inst-6,1,,"According to surveys and food trends, gyro is a popular street food among young people in Greece."
New-su-34,What is the most popular extracurricular activity related to music in schools in Greece?,"Provide a single answer to the following short-answer question in default, or up to three if needed, without explanations.

Question: What is the most popular extracurricular activity related to music in schools in Greece?
Answer:

Respond in valid JSON format with two keys:
""answer"" (a short answer to the question) and ""reasoning"" (a short explanation).
Example format: {""answer"": ""{answer here}"", ""reasoning"": ""{reasoning here}""}
DO NOT include any other text or comments in your response.","{""answer"": ""Choruses"", ""reasoning"": ""Greek schools have a strong tradition of choral singing and music education""}",inst-6,1,,Greek schools have a strong tradition of choral singing and music education
Ji-ko-26,What are the key milestones associated with children's independence from their parents in Greece's society?,"Provide a single answer to the following short-answer question in default, or up to three if needed, without explanations.

Question: What are the key milestones associated with children's independence from their parents in Greece's society?
Answer:

Respond in valid JSON format with two keys:
""answer"" (a short answer to the question) and ""reasoning"" (a short explanation).
Example format: {""answer"": ""{answer here}"", ""reasoning"": ""{reasoning here}""}
DO NOT include any other text or comments in your response.","{
""answer"": ""Around 15-16 years old, children start to take responsibility for their own daily routine and make decisions without parental consent. By 18, they are considered adults and have full independence."",
""reasoning"": """"
}",inst-6,1,,
Ne-ar-36,What is a typical festive meal in Greece?,"Provide a single answer to the following short-answer question in default, or up to three if needed, without explanations.

Question: What is a typical festive meal in Greece?
Answer:

Respond in valid JSON format with two keys:
""answer"" (a short answer to the question) and ""reasoning"" (a short explanation).
Example format: {""answer"": ""{answer here}"", ""reasoning"": ""{reasoning here}""}
DO NOT include any other text or comments in your response.","{
""answer"": ""Moussaka, souvlaki, and grilled octopus"",
""reasoning"": """"
}",inst-6,1,,
Ji-ko-14,What is the representative export item of Greece?,"Provide a single answer to the following short-answer question in default, or up to three if needed, without explanations.

Question: What is the representative export item of Greece?
Answer:

Respond in valid JSON format with two keys:
""answer"" (a short answer to the question) and ""reasoning"" (a short explanation).
Example format: {""answer"": ""{answer here}"", ""reasoning"": ""{reasoning here}""}
DO NOT include any other text or comments in your response.","{
""answer"": ""Olive oil"",
""reasoning"": ""null""
}",inst-6,1,,null
New-pe-76,What is a popular activity to do in parks in Greece?,"Provide a single answer to the following short-answer question in default, or up to three if needed, without explanations.

Question: What is a popular activity to do in parks in Greece?
Answer:

Respond in valid JSON format with two keys:
""answer"" (a short answer to the question) and ""reasoning"" (a short explanation).
Example format: {""answer"": ""{answer here}"", ""reasoning"": ""{reasoning here}""}
DO NOT include any other text or comments in your response.","{""answer"": ""Walking"", ""reasoning"": ""nil""}",inst-6,1,,nil
Jo-sp-19,What region in Greece has been traditionally associated with agriculture?,"Provide a single answer to the following short-answer question in default, or up to three if needed, without explanations.

Question: What region in Greece has been traditionally associated with agriculture?
Answer:

Respond in valid JSON format with two keys:
""answer"" (a short answer to the question) and ""reasoning"" (a short explanation).
Example format: {""answer"": ""{answer here}"", ""reasoning"": ""{reasoning here}""}
DO NOT include any other text or comments in your response.","{
""answer"": ""Peloponnese"",
""reasoning"": ""N/A""
}",inst-6,1,,N/A
Th-en-37,"At what age do children typically become independent from their parents in Greece? (Provide Arabic numerals (e.g., 12) only.)","Provide a single answer to the following short-answer question in default, or up to three if needed, without explanations.

Question: At what age do children typically become independent from their parents in Greece? (Provide Arabic numerals (e.g., 12) only.)
Answer:

Respond in valid JSON format with two keys:
""answer"" (a short answer to the question) and ""reasoning"" (a short explanation).
Example format: {""answer"": ""{answer here}"", ""reasoning"": ""{reasoning here}""}
DO NOT include any other text or comments in your response.","{""answer"": ""25"", ""reasoning"": null}",inst-6,1,,None
Na-ko-39,What is typically given as a congratulatory gesture when attending a friend's wedding in Greece?,"Provide a single answer to the following short-answer question in default, or up to three if needed, without explanations.

Question: What is typically given as a congratulatory gesture when attending a friend's wedding in Greece?
Answer:

Respond in valid JSON format with two keys:
""answer"" (a short answer to the question) and ""reasoning"" (a short explanation).
Example format: {""answer"": ""{answer here}"", ""reasoning"": ""{reasoning here}""}
DO NOT include any other text or comments in your response.","{
""answer"": ""Money in an envelope"",
""reasoning"": ""In Greece, it's customary to give a gift of money, known as 'doras', to the newlyweds as a congratulatory gesture when attending a friend's wedding.""",inst-6,1,,
Ca-sp-11,Which day of the week do people usually organize a family meal in Greece?,"Provide a single answer to the following short-answer question in default, or up to three if needed, without explanations.

Question: Which day of the week do people usually organize a family meal in Greece?
Answer:

Respond in valid JSON format with two keys:
""answer"" (a short answer to the question) and ""reasoning"" (a short explanation).
Example format: {""answer"": ""{answer here}"", ""reasoning"": ""{reasoning here}""}
DO NOT include any other text or comments in your response.","{
""answer"": ""Sunday"",
""reasoning"": ""Sunday is traditionally considered a day for family meals in Greece""
}",inst-6,1,,Sunday is traditionally considered a day for family meals in Greece
Ji-ko-35,What is the most common form of private education in Greece?,"Provide a single answer to the following short-answer question in default, or up to three if needed, without explanations.

Question: What is the most common form of private education in Greece?
Answer:

Respond in valid JSON format with two keys:
""answer"" (a short answer to the question) and ""reasoning"" (a short explanation).
Example format: {""answer"": ""{answer here}"", ""reasoning"": ""{reasoning here}""}
DO NOT include any other text or comments in your response.","{
""answer"": ""Private schools (idiotiki scholi)"",
""reasoning"": ""null""",inst-6,1,,
Al-en-01,What is a common snack for preschool kids in Greece?,"Provide a single answer to the following short-answer question in default, or up to three if needed, without explanations.

Question: What is a common snack for preschool kids in Greece?
Answer:

Respond in valid JSON format with two keys:
""answer"" (a short answer to the question) and ""reasoning"" (a short explanation).
Example format: {""answer"": ""{answer here}"", ""reasoning"": ""{reasoning here}""}
DO NOT include any other text or comments in your response.","{
""answer"": ""Loukoumades"",
""reasoning"": """"
}",inst-6,1,,
Al-en-32,What is the main dish for Thanksgiving in Greece?,"Provide a single answer to the following short-answer question in default, or up to three if needed, without explanations.

Question: What is the main dish for Thanksgiving in Greece?
Answer:

Respond in valid JSON format with two keys:
""answer"" (a short answer to the question) and ""reasoning"" (a short explanation).
Example format: {""answer"": ""{answer here}"", ""reasoning"": ""{reasoning here}""}
DO NOT include any other text or comments in your response.","{""answer"": ""Moussaka"", ""reasoning"": """"}",inst-6,1,,
New-su-58,What animals are commonly used for agriculture in Greece?,"Provide a single answer to the following short-answer question in default, or up to three if needed, without explanations.

Question: What animals are commonly used for agriculture in Greece?
Answer:

Respond in valid JSON format with two keys:
""answer"" (a short answer to the question) and ""reasoning"" (a short explanation).
Example format: {""answer"": ""{answer here}"", ""reasoning"": ""{reasoning here}""}
DO NOT include any other text or comments in your response.","{""answer"": ""Goats, sheep, and cattle"", ""reasoning"": ""These animals are commonly used for milk, meat, and wool production in Greece.""}",inst-6,1,,"These animals are commonly used for milk, meat, and wool production in Greece."
An-ar-03,Which month is the final exam term usually scheduled at high schools in Greece? (Provide Arabic numerals (1~12) only.),"Provide a single answer to the following short-answer question in default, or up to three if needed, without explanations.

Question: Which month is the final exam term usually scheduled at high schools in Greece? (Provide Arabic numerals (1~12) only.)
Answer:

Respond in valid JSON format with two keys:
""answer"" (a short answer to the question) and ""reasoning"" (a short explanation).
Example format: {""answer"": ""{answer here}"", ""reasoning"": ""{reasoning here}""}
DO NOT include any other text or comments in your response.","{""answer"": ""5"", ""reasoning"": null}",inst-6,1,,None
Ji-ko-28,When is the first day that people celebrate after a child is born in Greece?,"Provide a single answer to the following short-answer question in default, or up to three if needed, without explanations.

Question: When is the first day that people celebrate after a child is born in Greece?
Answer:

Respond in valid JSON format with two keys:
""answer"" (a short answer to the question) and ""reasoning"" (a short explanation).
Example format: {""answer"": ""{answer here}"", ""reasoning"": ""{reasoning here}""}
DO NOT include any other text or comments in your response.","{""answer"": ""10 days"", ""reasoning"": """"}",inst-6,1,,
Na-ko-33,What symbolic food do people from Greece eat on (Lunar) New Year?,"Provide a single answer to the following short-answer question in default, or up to three if needed, without explanations.

Question: What symbolic food do people from Greece eat on (Lunar) New Year?
Answer:

Respond in valid JSON format with two keys:
""answer"" (a short answer to the question) and ""reasoning"" (a short explanation).
Example format: {""answer"": ""{answer here}"", ""reasoning"": ""{reasoning here}""}
DO NOT include any other text or comments in your response.","{
""answer"": ""Vasilopita"",
""reasoning"": """"
}",inst-6,1,,
Ki-pe-34,What is the usual drink in the breakfast in Greece?,"Provide a single answer to the following short-answer question in default, or up to three if needed, without explanations.

Question: What is the usual drink in the breakfast in Greece?
Answer:

Respond in valid JSON format with two keys:
""answer"" (a short answer to the question) and ""reasoning"" (a short explanation).
Example format: {""answer"": ""{answer here}"", ""reasoning"": ""{reasoning here}""}
DO NOT include any other text or comments in your response.","{
""answer"": ""Coffee"",
""reasoning"": ""Traditional Greek breakfast often includes coffee""",inst-6,1,,
New-su-42,What religion is mainly taught in schools in Greece?,"Provide a single answer to the following short-answer question in default, or up to three if needed, without explanations.

Question: What religion is mainly taught in schools in Greece?
Answer:

Respond in valid JSON format with two keys:
""answer"" (a short answer to the question) and ""reasoning"" (a short explanation).
Example format: {""answer"": ""{answer here}"", ""reasoning"": ""{reasoning here}""}
DO NOT include any other text or comments in your response.","{""answer"": ""Greek Orthodox Christianity"", ""reasoning"": """"}",inst-6,1,,
Ne-ar-06,What do people from Greece eat in Ramadan?,"Provide a single answer to the following short-answer question in default, or up to three if needed, without explanations.

Question: What do people from Greece eat in Ramadan?
Answer:

Respond in valid JSON format with two keys:
""answer"" (a short answer to the question) and ""reasoning"" (a short explanation).
Example format: {""answer"": ""{answer here}"", ""reasoning"": ""{reasoning here}""}
DO NOT include any other text or comments in your response.","{
""answer"": ""Traditional Greek dishes such as souvlaki, moussaka, and spanakopita, as well as Mediterranean fruits and vegetables, and some international cuisine."",
""reasoning"": ""Greeks often maintain their traditional diet during Ramadan, with a focus on Mediterranean cuisine, and may also incorporate some international dishes.""",inst-6,1,,
Gu-ch-38,"What is the duration of undergraduate education in Greece? (Provide Arabic numerals (e.g., 12) only.)","Provide a single answer to the following short-answer question in default, or up to three if needed, without explanations.

Question: What is the duration of undergraduate education in Greece? (Provide Arabic numerals (e.g., 12) only.)
Answer:

Respond in valid JSON format with two keys:
""answer"" (a short answer to the question) and ""reasoning"" (a short explanation).
Example format: {""answer"": ""{answer here}"", ""reasoning"": ""{reasoning here}""}
DO NOT include any other text or comments in your response.","{
""answer"": ""4"",
""reasoning"": """"
}",inst-6,1,,
Kik-in-16,What drink is commonly consumed in Greece when the weather is cold?,"Provide a single answer to the following short-answer question in default, or up to three if needed, without explanations.

Question: What drink is commonly consumed in Greece when the weather is cold?
Answer:

Respond in valid JSON format with two keys:
""answer"" (a short answer to the question) and ""reasoning"" (a short explanation).
Example format: {""answer"": ""{answer here}"", ""reasoning"": ""{reasoning here}""}
DO NOT include any other text or comments in your response.","{
""answer"": ""Wine"",
""reasoning"": [""Hot wine"", ""Glühwein""]
}",inst-6,1,,"['Hot wine', 'Glühwein']"
Al-en-39,What do people eat on their birthday in Greece?,"Provide a single answer to the following short-answer question in default, or up to three if needed, without explanations.

Question: What do people eat on their birthday in Greece?
Answer:

Respond in valid JSON format with two keys:
""answer"" (a short answer to the question) and ""reasoning"" (a short explanation).
Example format: {""answer"": ""{answer here}"", ""reasoning"": ""{reasoning here}""}
DO NOT include any other text or comments in your response.","{
""answer"": ""Vasilopita"",
""reasoning"": ""Vasilopita is a traditional Greek cake that is typically eaten on birthdays and New Year's Day""
}",inst-6,1,,Vasilopita is a traditional Greek cake that is typically eaten on birthdays and New Year's Day
Ne-ar-26,What is the most famous public corporation in Greece?,"Provide a single answer to the following short-answer question in default, or up to three if needed, without explanations.

Question: What is the most famous public corporation in Greece?
Answer:

Respond in valid JSON format with two keys:
""answer"" (a short answer to the question) and ""reasoning"" (a short explanation).
Example format: {""answer"": ""{answer here}"", ""reasoning"": ""{reasoning here}""}
DO NOT include any other text or comments in your response.","{
""answer"": ""OPAP S.A."",
""reasoning"": """"
}",inst-6,1,,
Ji-ko-36,Which subject’s academy/private educational institute do middle or high students most frequently attend in Greece?,"Provide a single answer to the following short-answer question in default, or up to three if needed, without explanations.

Question: Which subject’s academy/private educational institute do middle or high students most frequently attend in Greece?
Answer:

Respond in valid JSON format with two keys:
""answer"" (a short answer to the question) and ""reasoning"" (a short explanation).
Example format: {""answer"": ""{answer here}"", ""reasoning"": ""{reasoning here}""}
DO NOT include any other text or comments in your response.","{
""answer"": ""Panhellenic Association of Private Schools"",
""reasoning"": ""PASP""
}",inst-6,1,,PASP
Th-en-51,Which subject is considered the most important for students in Greece?,"Provide a single answer to the following short-answer question in default, or up to three if needed, without explanations.

Question: Which subject is considered the most important for students in Greece?
Answer:

Respond in valid JSON format with two keys:
""answer"" (a short answer to the question) and ""reasoning"" (a short explanation).
Example format: {""answer"": ""{answer here}"", ""reasoning"": ""{reasoning here}""}
DO NOT include any other text or comments in your response.","{
""answer"": ""Greek"",
""reasoning"": ""Greek is a compulsory subject in schools in Greece""",inst-6,1,,
New-ch-07,What food items do people typically pair with hard liquor in Greece?,"Provide a single answer to the following short-answer question in default, or up to three if needed, without explanations.

Question: What food items do people typically pair with hard liquor in Greece?
Answer:

Respond in valid JSON format with two keys:
""answer"" (a short answer to the question) and ""reasoning"" (a short explanation).
Example format: {""answer"": ""{answer here}"", ""reasoning"": ""{reasoning here}""}
DO NOT include any other text or comments in your response.","{
""answer"": ""Ouzo with water, Metaxa with coffee, and Tsipouro with olives"",
""reasoning"": null
}",inst-6,1,,None
New-en-68,What repercussions are there for bad behavior in schools in Greece?,"Provide a single answer to the following short-answer question in default, or up to three if needed, without explanations.

Question: What repercussions are there for bad behavior in schools in Greece?
Answer:

Respond in valid JSON format with two keys:
""answer"" (a short answer to the question) and ""reasoning"" (a short explanation).
Example format: {""answer"": ""{answer here}"", ""reasoning"": ""{reasoning here}""}
DO NOT include any other text or comments in your response.","{
""answer"": ""Suspension, detention, and in severe cases, expulsion"",
""reasoning"": ""null""
}",inst-6,1,,null
Th-en-35,"Which one of the daily meals is commonly shared with family members in Greece? (e.g., breakfast, lunch, dinner)","Provide a single answer to the following short-answer question in default, or up to three if needed, without explanations.

Question: Which one of the daily meals is commonly shared with family members in Greece? (e.g., breakfast, lunch, dinner)
Answer:

Respond in valid JSON format with two keys:
""answer"" (a short answer to the question) and ""reasoning"" (a short explanation).
Example format: {""answer"": ""{answer here}"", ""reasoning"": ""{reasoning here}""}
DO NOT include any other text or comments in your response.","{
""answer"": ""dinner"",
""reasoning"": ""In Greece, dinner is often the main meal of the day and is commonly shared with family members.""",inst-6,1,,
Ji-ko-37,What type of clothing do middle and high school students wear to school in Greece?,"Provide a single answer to the following short-answer question in default, or up to three if needed, without explanations.

Question: What type of clothing do middle and high school students wear to school in Greece?
Answer:

Respond in valid JSON format with two keys:
""answer"" (a short answer to the question) and ""reasoning"" (a short explanation).
Example format: {""answer"": ""{answer here}"", ""reasoning"": ""{reasoning here}""}
DO NOT include any other text or comments in your response.","{
""answer"": ""Uniform"",
""reasoning"": """"
}",inst-6,1,,
Ca-sp-41,Where do the dependent elderly usually live in Greece?,"Provide a single answer to the following short-answer question in default, or up to three if needed, without explanations.

Question: Where do the dependent elderly usually live in Greece?
Answer:

Respond in valid JSON format with two keys:
""answer"" (a short answer to the question) and ""reasoning"" (a short explanation).
Example format: {""answer"": ""{answer here}"", ""reasoning"": ""{reasoning here}""}
DO NOT include any other text or comments in your response.","{
""answer"": ""With their adult children"",
""reasoning"": ""In Greece, it is common for the elderly to live with their adult children due to cultural and economic factors.""",inst-6,1,,
Sa-en-31,What is Greece's most popular family pet?,"Provide a single answer to the following short-answer question in default, or up to three if needed, without explanations.

Question: What is Greece's most popular family pet?
Answer:

Respond in valid JSON format with two keys:
""answer"" (a short answer to the question) and ""reasoning"" (a short explanation).
Example format: {""answer"": ""{answer here}"", ""reasoning"": ""{reasoning here}""}
DO NOT include any other text or comments in your response.","{
""answer"": ""Dog"",
""reasoning"": ""According to a survey by the Hellenic Society for the Protection of Animals, dogs are the most common pet in Greece, with over 30% of households owning at least one dog.""",inst-6,1,,
Gu-ch-08,What is the most popular sports among children in Greece?,"Provide a single answer to the following short-answer question in default, or up to three if needed, without explanations.

Question: What is the most popular sports among children in Greece?
Answer:

Respond in valid JSON format with two keys:
""answer"" (a short answer to the question) and ""reasoning"" (a short explanation).
Example format: {""answer"": ""{answer here}"", ""reasoning"": ""{reasoning here}""}
DO NOT include any other text or comments in your response.","{
""answer"": ""Football"",
""reasoning"": ""According to various sources, football is the most popular sport among children in Greece""
}",inst-6,1,,"According to various sources, football is the most popular sport among children in Greece"
New-as-20,What is the most popular indoor sport in Greece?,"Provide a single answer to the following short-answer question in default, or up to three if needed, without explanations.

Question: What is the most popular indoor sport in Greece?
Answer:

Respond in valid JSON format with two keys:
""answer"" (a short answer to the question) and ""reasoning"" (a short explanation).
Example format: {""answer"": ""{answer here}"", ""reasoning"": ""{reasoning here}""}
DO NOT include any other text or comments in your response.","{""answer"": ""Basketball"", ""reasoning"": """"}",inst-6,1,,
New-spme-05,What are the most popular sweets in Greece?,"Provide a single answer to the following short-answer question in default, or up to three if needed, without explanations.

Question: What are the most popular sweets in Greece?
Answer:

Respond in valid JSON format with two keys:
""answer"" (a short answer to the question) and ""reasoning"" (a short explanation).
Example format: {""answer"": ""{answer here}"", ""reasoning"": ""{reasoning here}""}
DO NOT include any other text or comments in your response.","{
""answer"": ""Loukoumades, Galaktoboureko, and Baklava"",
""reasoning"": null
}",inst-6,1,,None
New-in-01,Which coffee shop brand is the most popular in Greece?,"Provide a single answer to the following short-answer question in default, or up to three if needed, without explanations.

Question: Which coffee shop brand is the most popular in Greece?
Answer:

Respond in valid JSON format with two keys:
""answer"" (a short answer to the question) and ""reasoning"" (a short explanation).
Example format: {""answer"": ""{answer here}"", ""reasoning"": ""{reasoning here}""}
DO NOT include any other text or comments in your response.","{""answer"": ""Ellinikós Cafés"", ""reasoning"": ""None""}",inst-6,1,,None
New-gr-58,Which job is considered underpaid in Greece?,"Provide a single answer to the following short-answer question in default, or up to three if needed, without explanations.

Question: Which job is considered underpaid in Greece?
Answer:

Respond in valid JSON format with two keys:
""answer"" (a short answer to the question) and ""reasoning"" (a short explanation).
Example format: {""answer"": ""{answer here}"", ""reasoning"": ""{reasoning here}""}
DO NOT include any other text or comments in your response.","{
""answer"": ""Teacher"",
""reasoning"": [""low salary"", ""high expectations""]
}",inst-6,1,,"['low salary', 'high expectations']"
New-ch-32,What office software do people typically use in the workplace in Greece?,"Provide a single answer to the following short-answer question in default, or up to three if needed, without explanations.

Question: What office software do people typically use in the workplace in Greece?
Answer:

Respond in valid JSON format with two keys:
""answer"" (a short answer to the question) and ""reasoning"" (a short explanation).
Example format: {""answer"": ""{answer here}"", ""reasoning"": ""{reasoning here}""}
DO NOT include any other text or comments in your response.","{
""answer"": ""Microsoft Office"",
""reasoning"": ""Microsoft Office is widely used in many Greek companies and organizations""",inst-6,1,,
New-ch-73,What type of clubs are most popular among university students in Greece?,"Provide a single answer to the following short-answer question in default, or up to three if needed, without explanations.

Question: What type of clubs are most popular among university students in Greece?
Answer:

Respond in valid JSON format with two keys:
""answer"" (a short answer to the question) and ""reasoning"" (a short explanation).
Example format: {""answer"": ""{answer here}"", ""reasoning"": ""{reasoning here}""}
DO NOT include any other text or comments in your response.","{
""answer"": ""Golf and Tennis"",
""reasoning"": ""null""",inst-6,1,,
New-en-47,What can typically be found in the back garden of houses in Greece?,"Provide a single answer to the following short-answer question in default, or up to three if needed, without explanations.

Question: What can typically be found in the back garden of houses in Greece?
Answer:

Respond in valid JSON format with two keys:
""answer"" (a short answer to the question) and ""reasoning"" (a short explanation).
Example format: {""answer"": ""{answer here}"", ""reasoning"": ""{reasoning here}""}
DO NOT include any other text or comments in your response.","{
""answer"": ""Olive trees"",
""reasoning"": ""Olive trees are a common feature in many Greek back gardens due to their cultural and economic significance in Greece.""
}",inst-6,1,,Olive trees are a common feature in many Greek back gardens due to their cultural and economic significance in Greece.
New-en-05,Which food is a cost-effective and quick meal option in Greece?,"Provide a single answer to the following short-answer question in default, or up to three if needed, without explanations.

Question: Which food is a cost-effective and quick meal option in Greece?
Answer:

Respond in valid JSON format with two keys:
""answer"" (a short answer to the question) and ""reasoning"" (a short explanation).
Example format: {""answer"": ""{answer here}"", ""reasoning"": ""{reasoning here}""}
DO NOT include any other text or comments in your response.","{""answer"": ""Gyros"", ""reasoning"": ""Gyros is a popular and affordable street food in Greece, typically made from layers of meat, tomato, onion, and tzatziki sauce wrapped in a warm pita bread.""}",inst-6,1,,"Gyros is a popular and affordable street food in Greece, typically made from layers of meat, tomato, onion, and tzatziki sauce wrapped in a warm pita bread."
New-ch-16,What is the most famous sports-related movie in Greece?,"Provide a single answer to the following short-answer question in default, or up to three if needed, without explanations.

Question: What is the most famous sports-related movie in Greece?
Answer:

Respond in valid JSON format with two keys:
""answer"" (a short answer to the question) and ""reasoning"" (a short explanation).
Example format: {""answer"": ""{answer here}"", ""reasoning"": ""{reasoning here}""}
DO NOT include any other text or comments in your response.","{
""answer"": ""Mia Aioniotita kai mia Mera (One Day and One Life)"",
""reasoning"": null
}",inst-6,1,,None
Ji-ko-25,What are the family-related holidays in Greece?,"Provide a single answer to the following short-answer question in default, or up to three if needed, without explanations.

Question: What are the family-related holidays in Greece?
Answer:

Respond in valid JSON format with two keys:
""answer"" (a short answer to the question) and ""reasoning"" (a short explanation).
Example format: {""answer"": ""{answer here}"", ""reasoning"": ""{reasoning here}""}
DO NOT include any other text or comments in your response.","{
""answer"": ""Christmas (25 December), New Year's Day (1 January), Easter Sunday, Orthodox Easter Monday, and Independence Day (25 March)"",
""reasoning"": """"
}",inst-6,1,,
Sa-en-7,What are popular snacks in Greece?,"Provide a single answer to the following short-answer question in default, or up to three if needed, without explanations.

Question: What are popular snacks in Greece?
Answer:

Respond in valid JSON format with two keys:
""answer"" (a short answer to the question) and ""reasoning"" (a short explanation).
Example format: {""answer"": ""{answer here}"", ""reasoning"": ""{reasoning here}""}
DO NOT include any other text or comments in your response.","{
""answer"": [""Baklava, spanakopita, galaktoboureko, and melomakarona""],
""reasoning"": null
}",inst-6,1,,None
Ta-pe-29,Which professional sport is the highest paying in Greece?,"Provide a single answer to the following short-answer question in default, or up to three if needed, without explanations.

Question: Which professional sport is the highest paying in Greece?
Answer:

Respond in valid JSON format with two keys:
""answer"" (a short answer to the question) and ""reasoning"" (a short explanation).
Example format: {""answer"": ""{answer here}"", ""reasoning"": ""{reasoning here}""}
DO NOT include any other text or comments in your response.","{
""answer"": ""Basketball"",
""reasoning"": ""According to various sources, basketball is the highest paying professional sport in Greece, with top players earning around €500,000 to €1 million per year.""",inst-6,1,,
Kik-in-36,Who is the most popular soccer coach in Greece?,"Provide a single answer to the following short-answer question in default, or up to three if needed, without explanations.

Question: Who is the most popular soccer coach in Greece?
Answer:

Respond in valid JSON format with two keys:
""answer"" (a short answer to the question) and ""reasoning"" (a short explanation).
Example format: {""answer"": ""{answer here}"", ""reasoning"": ""{reasoning here}""}
DO NOT include any other text or comments in your response.","{""answer"": ""Ottmar Hitzfeld"", ""reasoning"": null}",inst-6,1,,None
Ji-ko-40,What do high school students typically do during break time in schools in Greece?,"Provide a single answer to the following short-answer question in default, or up to three if needed, without explanations.

Question: What do high school students typically do during break time in schools in Greece?
Answer:

Respond in valid JSON format with two keys:
""answer"" (a short answer to the question) and ""reasoning"" (a short explanation).
Example format: {""answer"": ""{answer here}"", ""reasoning"": ""{reasoning here}""}
DO NOT include any other text or comments in your response.","{
""answer"": ""Play outdoor games, socialize, or engage in sports"",
""reasoning"": ""No additional information provided""
}",inst-6,1,,No additional information provided
Th-en-15,What is the most popular winter sport in Greece?,"Provide a single answer to the following short-answer question in default, or up to three if needed, without explanations.

Question: What is the most popular winter sport in Greece?
Answer:

Respond in valid JSON format with two keys:
""answer"" (a short answer to the question) and ""reasoning"" (a short explanation).
Example format: {""answer"": ""{answer here}"", ""reasoning"": ""{reasoning here}""}
DO NOT include any other text or comments in your response.","{""answer"": ""Alpine Skiing"", ""reasoning"": """"}",inst-6,1,,
Na-ko-19,Who is the most popular volleyball player in Greece?,"Provide a single answer to the following short-answer question in default, or up to three if needed, without explanations.

Question: Who is the most popular volleyball player in Greece?
Answer:

Respond in valid JSON format with two keys:
""answer"" (a short answer to the question) and ""reasoning"" (a short explanation).
Example format: {""answer"": ""{answer here}"", ""reasoning"": ""{reasoning here}""}
DO NOT include any other text or comments in your response.","{
""answer"": ""Konstantinos Koltsidas"",
""reasoning"": ""According to various sources""
}",inst-6,1,,According to various sources
New-en-56,What is the most popular foreign language spoken by families in Greece?,"Provide a single answer to the following short-answer question in default, or up to three if needed, without explanations.

Question: What is the most popular foreign language spoken by families in Greece?
Answer:

Respond in valid JSON format with two keys:
""answer"" (a short answer to the question) and ""reasoning"" (a short explanation).
Example format: {""answer"": ""{answer here}"", ""reasoning"": ""{reasoning here}""}
DO NOT include any other text or comments in your response.","{""answer"": ""English"", ""reasoning"": ""According to the Hellenic Statistical Authority (ELSTAT), English is the most widely spoken foreign language in Greece, with over 90% of the population able to converse in it.""}",inst-6,1,,"According to the Hellenic Statistical Authority (ELSTAT), English is the most widely spoken foreign language in Greece, with over 90% of the population able to converse in it."
Jo-sp-13,What is the most popular water sport in Greece?,"Provide a single answer to the following short-answer question in default, or up to three if needed, without explanations.

Question: What is the most popular water sport in Greece?
Answer:

Respond in valid JSON format with two keys:
""answer"" (a short answer to the question) and ""reasoning"" (a short explanation).
Example format: {""answer"": ""{answer here}"", ""reasoning"": ""{reasoning here}""}
DO NOT include any other text or comments in your response.","{
""answer"": ""Sailing"",
""reasoning"": ""Greece has a long coastline with many islands and a rich maritime history, making sailing a popular water sport among locals and tourists alike.""
}",inst-6,1,,"Greece has a long coastline with many islands and a rich maritime history, making sailing a popular water sport among locals and tourists alike."
Na-ko-29,Who is the most famous swimmer in Greece?,"Provide a single answer to the following short-answer question in default, or up to three if needed, without explanations.

Question: Who is the most famous swimmer in Greece?
Answer:

Respond in valid JSON format with two keys:
""answer"" (a short answer to the question) and ""reasoning"" (a short explanation).
Example format: {""answer"": ""{answer here}"", ""reasoning"": ""{reasoning here}""}
DO NOT include any other text or comments in your response.","{
""answer"": ""Spyridon Marinatos"",
""reasoning"": ""null""
}",inst-6,1,,null
New-su-57,What is the most common livestock raised in Greece?,"Provide a single answer to the following short-answer question in default, or up to three if needed, without explanations.

Question: What is the most common livestock raised in Greece?
Answer:

Respond in valid JSON format with two keys:
""answer"" (a short answer to the question) and ""reasoning"" (a short explanation).
Example format: {""answer"": ""{answer here}"", ""reasoning"": ""{reasoning here}""}
DO NOT include any other text or comments in your response.","{
""answer"": ""Sheep"",
""reasoning"": ""Greece is a significant producer of sheep meat and wool, and sheep farming is a common agricultural activity in the country.""",inst-6,1,,
New-en-19,What is the most well known sporting stadium in Greece?,"Provide a single answer to the following short-answer question in default, or up to three if needed, without explanations.

Question: What is the most well known sporting stadium in Greece?
Answer:

Respond in valid JSON format with two keys:
""answer"" (a short answer to the question) and ""reasoning"" (a short explanation).
Example format: {""answer"": ""{answer here}"", ""reasoning"": ""{reasoning here}""}
DO NOT include any other text or comments in your response.","{
""answer"": ""Olympic Stadium of Athens"",
""reasoning"": null
}",inst-6,1,,None
New-ch-38,Which cities or regions are known for their import and export activities in Greece?,"Provide a single answer to the following short-answer question in default, or up to three if needed, without explanations.

Question: Which cities or regions are known for their import and export activities in Greece?
Answer:

Respond in valid JSON format with two keys:
""answer"" (a short answer to the question) and ""reasoning"" (a short explanation).
Example format: {""answer"": ""{answer here}"", ""reasoning"": ""{reasoning here}""}
DO NOT include any other text or comments in your response.","{
""answer"": ""Piraeus, Thessaloniki, and the Greater Athens region"",
""reasoning"": """"
}",inst-6,1,,
New-pe-65,"How many subjects are taught in middle schools in Greece? (Provide Arabic numerals (e.g., 12) only.)","Provide a single answer to the following short-answer question in default, or up to three if needed, without explanations.

Question: How many subjects are taught in middle schools in Greece? (Provide Arabic numerals (e.g., 12) only.)
Answer:

Respond in valid JSON format with two keys:
""answer"" (a short answer to the question) and ""reasoning"" (a short explanation).
Example format: {""answer"": ""{answer here}"", ""reasoning"": ""{reasoning here}""}
DO NOT include any other text or comments in your response.","{
""answer"": 12,
""reasoning"": ""Mathematics, Physics, Chemistry, Biology, Greek, Latin, History, Geography, Literature, Foreign Language, Music, Physical Education""",inst-6,1,,
Th-en-03,What is the most popular professional sports league in Greece?,"Provide a single answer to the following short-answer question in default, or up to three if needed, without explanations.

Question: What is the most popular professional sports league in Greece?
Answer:

Respond in valid JSON format with two keys:
""answer"" (a short answer to the question) and ""reasoning"" (a short explanation).
Example format: {""answer"": ""{answer here}"", ""reasoning"": ""{reasoning here}""}
DO NOT include any other text or comments in your response.","{
""answer"": ""Super League Greece"",
""reasoning"": null
}",inst-6,1,,None
New-ko-03,What is the most popular children's song in Greece that families sing together?,"Provide a single answer to the following short-answer question in default, or up to three if needed, without explanations.

Question: What is the most popular children's song in Greece that families sing together?
Answer:

Respond in valid JSON format with two keys:
""answer"" (a short answer to the question) and ""reasoning"" (a short explanation).
Example format: {""answer"": ""{answer here}"", ""reasoning"": ""{reasoning here}""}
DO NOT include any other text or comments in your response.","{""answer"": ""Ta Pedia Tou Pirea"", ""reasoning"": ""N/A""}",inst-6,1,,N/A
New-en-69,Which writers are commonly studied in literature class in Greece?,"Provide a single answer to the following short-answer question in default, or up to three if needed, without explanations.

Question: Which writers are commonly studied in literature class in Greece?
Answer:

Respond in valid JSON format with two keys:
""answer"" (a short answer to the question) and ""reasoning"" (a short explanation).
Example format: {""answer"": ""{answer here}"", ""reasoning"": ""{reasoning here}""}
DO NOT include any other text or comments in your response.","{""answer"": ""Homer, Sophocles, Euripides, Aristophanes, and Nikos Kazantzakis"", ""reasoning"": """"}",inst-6,1,,
Ni-en-12,What is the top university in Greece? (Provide the official name.),"Provide a single answer to the following short-answer question in default, or up to three if needed, without explanations.

Question: What is the top university in Greece? (Provide the official name.)
Answer:

Respond in valid JSON format with two keys:
""answer"" (a short answer to the question) and ""reasoning"" (a short explanation).
Example format: {""answer"": ""{answer here}"", ""reasoning"": ""{reasoning here}""}
DO NOT include any other text or comments in your response.","{""answer"": ""National and Kapodistrian University of Athens"", ""reasoning"": """"}",inst-6,1,,
New-ha-08,What food is typically disliked by children but enjoyed by the elderly in Greece?,"Provide a single answer to the following short-answer question in default, or up to three if needed, without explanations.

Question: What food is typically disliked by children but enjoyed by the elderly in Greece?
Answer:

Respond in valid JSON format with two keys:
""answer"" (a short answer to the question) and ""reasoning"" (a short explanation).
Example format: {""answer"": ""{answer here}"", ""reasoning"": ""{reasoning here}""}
DO NOT include any other text or comments in your response.","{""answer"": ""Lentils"", ""reasoning"": ""Olives""}",inst-6,1,,Olives
Ji-ko-45,What do people look forward to the most at university festivals in Greece?,"Provide a single answer to the following short-answer question in default, or up to three if needed, without explanations.

Question: What do people look forward to the most at university festivals in Greece?
Answer:

Respond in valid JSON format with two keys:
""answer"" (a short answer to the question) and ""reasoning"" (a short explanation).
Example format: {""answer"": ""{answer here}"", ""reasoning"": ""{reasoning here}""}
DO NOT include any other text or comments in your response.","{""answer"": ""Live music and traditional Greek food"", ""reasoning"": null}",inst-6,1,,None
Ji-ko-33,Where do high school students in Greece usually go after dinner?,"Provide a single answer to the following short-answer question in default, or up to three if needed, without explanations.

Question: Where do high school students in Greece usually go after dinner?
Answer:

Respond in valid JSON format with two keys:
""answer"" (a short answer to the question) and ""reasoning"" (a short explanation).
Example format: {""answer"": ""{answer here}"", ""reasoning"": ""{reasoning here}""}
DO NOT include any other text or comments in your response.","{
""answer"": ""to hang out with friends"",
""reasoning"": ""high school students in Greece often gather with friends in public spaces, such as parks or cafes, to socialize and relax after dinner""",inst-6,1,,
Ni-en-31,What do people in Greece traditionally eat on Christmas Day?,"Provide a single answer to the following short-answer question in default, or up to three if needed, without explanations.

Question: What do people in Greece traditionally eat on Christmas Day?
Answer:

Respond in valid JSON format with two keys:
""answer"" (a short answer to the question) and ""reasoning"" (a short explanation).
Example format: {""answer"": ""{answer here}"", ""reasoning"": ""{reasoning here}""}
DO NOT include any other text or comments in your response.","{
""answer"": ""Kourabiedes and Melomakarona"",
""reasoning"": """"
}",inst-6,1,,
Al-en-36,What food is associated with Halloween in Greece?,"Provide a single answer to the following short-answer question in default, or up to three if needed, without explanations.

Question: What food is associated with Halloween in Greece?
Answer:

Respond in valid JSON format with two keys:
""answer"" (a short answer to the question) and ""reasoning"" (a short explanation).
Example format: {""answer"": ""{answer here}"", ""reasoning"": ""{reasoning here}""}
DO NOT include any other text or comments in your response.","{""answer"": ""Melomakarona"", ""reasoning"": """"}",inst-6,1,,
